YYWW,DOGA,MAX(PAY),MIN(PAY),A1,A2,B1,B2,C1,C2,D1,D2,TEMP1,TEMP2,TEMP3,TEMP4,TEMP5,TEMP6
201701,4319.3,4445,4200,-422940,-432780,-1284475,-1290595,-38869,-91665,-1223840,-1239200,64.2,3.9,3.9,-2.3,11.4,13.7
201702,4311.3,4357,4236,-340186,-352570,-1335015,-1338735,-51894,-106550,-1247253,-1257885,46.9,-2.1,-2.3,-10.5,10.9,21.4
201703,4327.2,4406,4265,-440313,-452385,-1398550,-1408870,-60173,-117055,-1221689,-1245185,54.9,-3.4,-3.4,-11.5,4.7,16.2
201704,4067,4525,3732,-384482,-397250,-1297930,-1301770,-55003,-111970,-1131188,-1145300,50.5,-5,-5,-12.6,4.3,16.9
201705,4094.8,4187,3948,-333769,-345265,-1184830,-1189150,-31552,-74750,-1429796,-1447220,58.2,-1.9,-2,-9.9,6.7,16.6
201706,4336.4,4489,4180,-474255,-484455,-1274930,-1277810,-64291,-126460,-1462329,-1478145,51.4,-3,-3.1,-9.3,3,12.3
201707,4249.4,4332,4126,-361426,-375010,-956210,-958130,-42156,-96910,-1342758,-1354230,54,0.6,0.5,-7.4,10.3,17.7
201708,4279.4,4352,4181,-388815,-399975,-1101222,-1111590,-44421,-98880,-1314605,-1332245,57.5,0.2,0.3,-7.6,8.4,16
201709,4458.5,4509,4433,-435639,-449535,-872420,-873620,-61489,-128545,-1261309,-1281205,53.3,4.1,4.1,-3.1,12.7,15.8
201710,4414,4462,4278,-410440,-420760,-793278,-799710,-33043,-86070,-1351338,-1361130,46.7,2.6,2.7,-5.3,16.7,22
201711,4431.4,4474,4398,-403446,-415830,-780235,-785635,-49230,-108925,-1256741,-1274045,42.9,7.2,7.2,0.4,16.1,15.7
201712,4414.4,4438,4382,-507556,-517300,-750200,-752360,-65281,-118480,-1468935,-1490415,39.5,8.9,8.9,1.9,18.9,17
201713,4476,4509,4439,-423843,-437115,-679052,-681260,-42180,-102065,-1324050,-1335810,59.6,8.1,8.2,2.5,17.1,14.6
201714,4648,4708,4554,-439869,-453285,-752152,-757960,-36703,-99590,-1443009,-1455225,61.8,12,12.1,3.1,23.5,20.4
201715,4711.6,4747,4680,-494085,-507405,-760780,-763180,-44638,-105405,-1293231,-1311015,45.4,14.3,14.4,6.3,24.3,18
201716,4902.8,5013,4759,-489996,-500220,-702743,-705695,-66441,-129650,-1386539,-1396355,56.2,14.1,14.1,7,24.4,17.4
201717,5405.8,5528,5254,-465900,-480060,-863985,-867705,-46143,-101010,-1354766,-1371470,45,15.1,15.2,7.9,23.7,15.8
201718,5283.4,5792,4844,-398256,-409920,-554470,-554470,-56359,-111375,-1281752,-1289240,44.9,19.8,19.8,10,30.2,20.2
201719,4886,4940,4834,-476003,-489275,-829405,-837205,-45380,-105570,-1457714,-1475330,61.9,17.5,17.5,10.9,24.8,13.9
201720,4964.8,5001,4905,-477602,-491330,-693878,-696950,-50231,-117900,-1381718,-1395110,51.6,18.5,18.5,11,27.9,16.9
201721,5129.2,5224,5023,-493427,-505355,-792218,-801530,-63044,-117745,-1512743,-1531775,51.9,20.2,20.2,12.4,28,15.6
201722,5185.2,5298,5091,-455495,-471695,-782352,-787440,-50373,-114020,-1338472,-1349080,48.1,22.1,22.2,14.4,30.3,15.9
201723,5410,5467,5314,-473712,-485040,-740267,-743795,-49003,-104850,-1427213,-1439525,58,20.8,20.8,14.5,30.3,15.8
201724,5498.8,5576,5419,-489458,-502610,-729970,-735970,-67004,-123755,-1345148,-1357820,53.4,23,23,14.8,32.7,17.9
201725,5427.2,5522,5187,-442670,-457070,-696743,-703055,-32862,-89470,-1306111,-1318135,52.6,25.4,25.3,18.6,34.1,15.5
201726,5366.4,5473,5231,-400093,-413845,-680830,-682750,-63519,-128275,-1257605,-1271165,69.8,25,25.1,20.1,31.5,11.4
201727,5368.4,5473,5182,-460437,-472605,-709513,-717025,-38312,-96390,-1272422,-1285910,79.2,27.1,26.2,21.9,34.6,12.7
201728,5327,5376,5193,-456943,-469735,-566725,-574525,-64665,-130195,-1186024,-1201000,80.9,27.5,26.4,22.2,33,10.8
201729,5119.4,5289,4871,-458566,-472150,-614140,-621820,-69063,-136875,-1322258,-1340930,75.7,31,28.1,23.4,34.9,11.5
201730,4976.6,5144,4832,-397768,-407320,-590830,-596830,-58438,-119695,-1222110,-1239150,74,29,27.3,24.2,35.4,11.2
201731,5129.4,5261,4938,-488369,-496985,-615090,-620850,-56374,-118390,-1303485,-1312245,68.2,32.3,29.2,24.1,35.3,11.2
201732,5216.2,5366,5058,-400742,-411110,-627326,-639950,-68583,-132155,-1321531,-1340995,70.5,30.2,27.8,23.2,34.4,11.2
201733,5122,5221,4993,-461465,-470705,-728550,-731670,-57602,-120730,-1334218,-1352170,76.1,24.7,24.8,20.5,30.6,10.1
201734,5260.8,5371,5063,-485502,-496350,-742360,-751720,-52787,-121115,-1400878,-1419070,76.7,26.8,25.6,19,31.5,12.5
201735,5313.8,5378,5201,-439586,-450770,-728623,-733735,-64799,-133285,-1363635,-1379835,59.9,21.8,21.8,16.1,29.7,13.6
201736,5468.8,5589,5411,-572827,-583555,-754090,-766090,-68713,-137435,-1510892,-1527020,66.6,23,23,17.8,30.1,12.3
201737,5211.7,5415,4922,-398296,-411160,-802780,-810220,-69887,-142365,-1428495,-1443735,58.9,22.1,22.1,14.8,29.5,14.7
201738,4887.3,5255,4468,-476495,-487415,-831514,-844090,-59682,-130895,-1459746,-1478610,61,21.4,21.4,14.1,29.2,15.1
201739,4284.9,4883,3824,-694892,-711260,-1172414,-1182110,-85027,-182405,-1869710,-1894430,58.5,21.4,21.5,11.2,31.4,20.2
201740,4548.5,4919,4178,-250150,-254230,-547090,-553090,-34392,-59300,-814090,-817930,61.4,19,19.1,10.7,29.4,18.7
201741,4114.4,4359,3839,-449031,-458175,-1008240,-1013040,-57598,-124510,-1482250,-1494730,64.9,17.4,17.3,6.1,28.7,22.6
201742,3895.6,3974,3734,-497131,-508195,-976893,-980565,-85288,-147205,-1338570,-1352250,51.9,16.6,16.7,9,25.2,16.2
201743,3822.6,3851,3795,-429502,-437470,-976920,-981000,-26768,-80740,-1385070,-1398990,53.5,15.3,15.3,8.6,24.8,16.2
201744,3966.4,4023,3916,-487377,-497625,-954833,-958505,-51888,-122890,-1402126,-1416430,56.1,11.5,11.4,2.5,18.1,15.6
201745,4200.2,4295,4135,-425432,-436280,-940670,-944990,-48310,-108505,-1271065,-1279825,53.1,10.3,10.3,2.6,18.4,15.8
201746,4290.2,4322,4239,-511301,-522845,-931450,-939610,-73268,-135580,-1277570,-1292450,44.7,3.9,3.8,-4.8,11.8,16.6
201747,4416.2,4451,4387,-547262,-557390,-842480,-846800,-31030,-89100,-1288741,-1298845,55.1,0.9,1,-6.6,10.8,17.4
201748,4535,4631,4418,-435976,-445720,-931901,-941045,-75892,-133650,-1224108,-1243980,53.8,1.8,1.8,-7.6,11.2,18.8
201749,4590,4657,4497,-456622,-467230,-908850,-909330,-41009,-98205,-1250488,-1261480,56.6,-0.5,-0.6,-8.2,8.1,16.3
201750,4202.2,4440,3932,-468470,-479510,-975820,-983260,-69693,-118910,-1340350,-1360750,47.5,-5.5,-5.6,-12.3,6.7,19
201751,4178.6,4256,4127,-443390,-454910,-954413,-954485,-23834,-77440,-1340773,-1352125,63.7,-1.3,-1.1,-10.8,8.7,19.5
201752,3881,4055,3603,-551131,-561955,-1022290,-1025410,-60699,-109805,-1155356,-1169900,55.5,-1.1,-1.2,-10.3,6,16.3
201801,3765.8,3852,3694,-465759,-480615,-1138630,-1138630,-41245,-100105,-1658213,-1675085,43.7,-2.7,-2.7,-8.7,3.8,12.5
201802,3810.2,3928,3717,-465533,-477365,-1059262,-1059790,-34140,-92830,-1335155,-1351595,54,-5.1,-5.1,-15.3,5.4,20.7
201803,3793.2,3862,3765,-415902,-426270,-915752,-915800,-61736,-115285,-1322121,-1333185,55.2,2.7,2.6,-3.7,8.7,12.4
201804,3871.8,3927,3841,-465966,-475710,-1048210,-1048210,-39824,-94965,-1257925,-1269805,38.4,-10,-10.1,-17.8,4,21.8
201805,4218.2,4368,4055,-434991,-448455,-1000702,-1001230,-78159,-139005,-1187741,-1203365,47.8,-5.6,-5.7,-12.8,3.8,16.6
201806,4409.2,4576,4206,-462521,-475025,-889060,-889060,-46643,-117465,-1268707,-1281835,41.6,-5.5,-5.4,-13.4,6.1,19.5
201807,3778.8,4177,3566,-409642,-419530,-1033682,-1034930,-33285,-76785,-1151664,-1161840,38.4,-1.3,-1.2,-9.6,8.7,18.3
201808,3857,3903,3829,-387564,-400620,-858693,-859725,-34404,-100145,-1072547,-1080155,50,1.6,1.7,-4.5,8.6,13.1
201809,3918,4027,3802,-485444,-494900,-944330,-944330,-44455,-111700,-1180294,-1189990,55.2,4,4.1,-6.7,16.2,22.9
201810,3824.4,3950,3678,-440390,-450470,-829282,-829330,-41937,-96325,-1095400,-1107160,61,5.3,5.2,-1.1,12.2,13.3
201811,3885.4,3920,3864,-464416,-474400,-812820,-812820,-44999,-102340,-1133118,-1144830,58.1,10.1,10.2,0.5,22.1,21.6
201812,4105,4188,3989,-510198,-519270,-849514,-850330,-53540,-118935,-1138766,-1146830,59.1,6.2,6.1,0.6,16.9,16.3
201813,4770.8,5335,4319,-491860,-501940,-917650,-917890,-49973,-108000,-1045164,-1055580,62.3,13.9,14,5.3,21.9,16.6
201814,4375.6,4502,4245,-460352,-469520,-734269,-734485,-52419,-115660,-1161731,-1173755,67.2,10.3,10.2,0.6,23.7,23.1
201815,4450,4493,4413,-466665,-477105,-825260,-826940,-31415,-92940,-1082970,-1094010,51.2,11.6,11.7,0.1,21.9,21.8
201816,4394.8,4479,4276,-515259,-525555,-833972,-834020,-53940,-111650,-1128355,-1137115,41,14.7,14.8,4.9,26.3,21.4
201817,4497.2,4542,4454,-448961,-459065,-885220,-885220,-39050,-96225,-1105070,-1114430,56.2,14,14,5.7,23.3,17.6
201818,4569.8,4661,4372,-511788,-521100,-753790,-755230,-47271,-110565,-1180825,-1187425,66.4,16.4,16.4,6.9,25,18.1
201819,4564,4661,4400,-497004,-506940,-782382,-784830,-50409,-105990,-1138950,-1146870,66.1,16.2,16.3,9.2,25.5,16.3
201820,4583.8,4629,4521,-464972,-472460,-771940,-771940,-45756,-95560,-1128225,-1135785,69.7,19.3,19.4,10.3,29.3,19
201821,4665.8,4913,4556,-479418,-487050,-860412,-860460,-39274,-89135,-1204087,-1213135,52.3,19,19,11.2,29.6,18.4
201822,4849,4890,4817,-455983,-465655,-749404,-751900,-45418,-98320,-1212850,-1224370,54.7,22.2,22.3,14.2,30.8,16.6
201823,4985.2,5065,4808,-474567,-483375,-776932,-777460,-43956,-98215,-1174383,-1187895,59.9,22.7,22.6,17.7,30.1,12.4
201824,5160.5,5298,5089,-503115,-516435,-867410,-869810,-47640,-106435,-1344331,-1354915,64.3,21.8,21.7,16.3,28.7,12.4
201825,5274.2,5361,5214,-444954,-453930,-754300,-756460,-54670,-114420,-1081790,-1092830,57.6,24,24,18.2,32.1,13.9
201826,5366,5491,5308,-553409,-566105,-929452,-933580,-95351,-158830,-1284160,-1295200,80.7,23.9,23.7,19.1,32.9,13.8
201827,5537.4,5585,5492,-277794,-286050,-487450,-492010,-32996,-68305,-1067470,-1074910,68,25.4,24.8,17.7,32.6,14.9
201828,5552,5617,5436,-339980,-347900,-532560,-534240,-63114,-102355,-1105165,-1112725,78.3,27.4,25.9,20.1,33.2,13.1
201829,5204.6,5385,4865,-320214,-330390,-508636,-512860,-42981,-78650,-1081293,-1089285,61.3,31.7,29.4,23.2,38,14.8
201830,4448.4,4771,4166,-297216,-306480,-453570,-456210,-76315,-114090,-1079300,-1084820,63.6,35.1,30.7,26.4,36.8,10.4
201831,4453.8,4555,4339,-412606,-422350,-624540,-626460,-38085,-89835,-1052050,-1061650,56.8,36.6,32.3,26.2,39.6,13.4
201832,4714.8,4805,4613,-315780,-324180,-669315,-673275,-30480,-77345,-1116096,-1123680,64.7,34.9,30.4,25.7,36.8,11.1
201833,4844.5,4962,4801,-386166,-395670,-587860,-588580,-61517,-110695,-1128895,-1137655,53.7,31.5,29.4,21.5,38,16.5
201834,4859.6,4946,4789,-392609,-400985,-812585,-816785,-49081,-106680,-1303949,-1311125,66.4,28.1,26.9,20.3,37.6,17.3
201835,5077.7,5182,5017,-366523,-376675,-850915,-853435,-53856,-103895,-1292632,-1301800,76.3,24.7,24.7,20.1,30.9,10.8
201836,5097.2,5256,4955,-448691,-455435,-833482,-835450,-42751,-108525,-1258940,-1268300,63.1,23,22.9,15.6,28.9,13.3
201837,5000.7,5215,4087,-424449,-430665,-895163,-902195,-58461,-118695,-1440096,-1447920,62.6,22.8,22.8,16.8,28.4,11.6
201838,4405,5226,3794,-557177,-569345,-1110570,-1115370,-64185,-138585,-1584250,-1595770,66.9,20.7,20.7,15.6,27.7,12.1
201839,4830.5,4945,4716,-278575,-284935,-872590,-876430,-48772,-97410,-1065032,-1069880,51.1,18.4,18.4,10.8,27,16.2
201840,4392.5,4714,4132,-410732,-418940,-926465,-928505,-68615,-129835,-1463448,-1468920,64.9,17,17,10.3,25.6,15.3
201841,3931,4209,3635,-425914,-431290,-968272,-968560,-63219,-117510,-1464268,-1473340,54,12.6,12.6,5.2,20.9,15.7
201842,3728.6,3766,3696,-446140,-456940,-1118272,-1122160,-68825,-117315,-1404561,-1414185,56.7,13.5,13.5,6.9,21.4,14.5
201843,3759.4,3847,3657,-461813,-471965,-983410,-985570,-115811,-179140,-1390528,-1399360,63.4,11.8,11.7,5.2,21.2,16
201844,3582,3620,3494,-488787,-501195,-1094672,-1105040,-44113,-99780,-1502890,-1508170,54.8,8.9,8.9,0.7,19.4,18.7
201845,3558.8,3603,3494,-516156,-526620,-1050995,-1052555,-86298,-143615,-1375881,-1384065,74,11.6,11.5,5.4,18.3,12.9
201846,3634.8,3663,3603,-444282,-454170,-1206355,-1207435,-64036,-119295,-1363675,-1373395,54.5,8,8,0.6,16.6,16
201847,3744.2,3830,3655,-502699,-513715,-1093350,-1094070,-67044,-118385,-1292038,-1302070,51.9,4.4,4.3,-3.1,12.7,15.8
201848,3825.2,3875,3731,-433152,-445680,-1208324,-1209860,-67913,-120645,-1305725,-1315445,48.9,5.4,5.5,-1.5,13.6,15.1
201849,3919.8,3971,3867,-449891,-458555,-1021869,-1022565,-59587,-105395,-1143751,-1150495,50.4,-0.1,-0.3,-11.8,13.5,25.3
201850,3877.8,3968,3726,-448747,-459475,-1021602,-1025250,-40638,-91120,-1240693,-1250605,46.5,-2,-1.9,-8.1,4.6,12.7
201851,3540.4,3806,3176,-452973,-461925,-1025602,-1026370,-49742,-98545,-1122433,-1133785,49.7,3.9,3.8,-3.4,12.4,15.8
201852,3131.5,3212,3060,-452917,-460765,-1015775,-1016135,-73966,-126980,-1219232,-1226000,36.6,-5.4,-5.5,-14.4,5.2,19.6
201853,3126,3126,3126,,,,,,,,,39,-5.6,-5.4,-10.5,-0.5,10
201901,3190.5,3270,3123,-428501,-434765,-1062415,-1063015,-69351,-128450,-1314164,-1327460,44.4,-3.1,-3.1,-8.8,4.1,12.9
201902,3219.8,3265,3198,-405690,-413850,-822590,-826190,-44186,-81910,-1037919,-1045335,48.1,-0.2,-0.1,-9.4,8,17.4
201903,3276.3,3384,3043,-392717,-400325,-877350,-878070,-38621,-81590,-1052477,-1059125,50.3,-0.8,-0.8,-10.1,8.5,18.6
201904,3221,3328,3047,-428040,-435000,-849650,-851810,-54306,-92475,-1060149,-1067805,43,0.2,0.2,-6.6,7.1,13.7
201905,3353.7,3672,3018,-601331,-612155,-1184980,-1187860,-75688,-144490,-1424491,-1437475,51,0.3,0.2,-7.4,7,14.4
201906,3154.7,3233,3107,-181381,-184525,-545460,-546180,-43596,-71140,-747225,-748545,38.2,-1.9,-2,-10.2,10.1,20.3
201907,3027.4,3115,2938,-409988,-416900,-828030,-829230,-54457,-94275,-1145838,-1152990,43.9,-1.1,-1.1,-6.8,6.3,13.1
201908,3088.4,3186,3038,-384664,-389560,-797970,-799890,-39462,-80755,-1008075,-1014195,58,3.9,3.9,-2.6,14.5,17.1
201909,3386.5,3460,3346,-336041,-342305,-843865,-846385,-45142,-88050,-940295,-947615,38,7.6,7.6,-1.5,16.3,17.8
201910,3429.4,3613,3362,-450343,-457615,-776540,-777740,-57409,-98650,-956337,-960825,47,7.7,7.7,-0.4,15.3,15.7
201911,3726.2,3783,3683,-332667,-340275,-734420,-734900,-51988,-101880,-938691,-944955,54.5,5.1,5.1,-1.7,14.4,16.1
201912,3918.8,4038,3824,-402149,-409565,-736065,-740025,-52615,-91835,-966818,-971570,56.7,6.5,6.5,-0.8,16.7,17.5
201913,4324.4,4418,4114,-392281,-401425,-851620,-852820,-35780,-80945,-785164,-791020,51.6,8.1,8.1,0.3,17.6,17.3
201914,4549,4631,4481,-372828,-380700,-776810,-778490,-79281,-128770,-1054471,-1059535,38.3,9.7,9.8,1.3,20.3,19
201915,4532.2,4666,4381,-361514,-370970,-722070,-723270,-31525,-75200,-886161,-888585,48.9,10,10,3.9,18.4,14.5
201916,4353.6,4493,4237,-339149,-347045,-697490,-698690,-49941,-95565,-856977,-859305,55.8,14.9,15,6.8,28.2,21.4
201917,4114.8,4316,3870,-395594,-401930,-663220,-663220,-86733,-124695,-904372,-908020,62.1,14.2,14.1,4.1,25.9,21.8
201918,4127.8,4219,4076,-349324,-359740,-649230,-649950,-47053,-99675,-892692,-896340,39.2,17.1,17.2,9,27.4,18.4
201919,4083.6,4114,4043,-350344,-361000,-675960,-676440,-49495,-87090,-855660,-857580,41.3,17.9,17.9,8.4,28.9,20.5
201920,4147.4,4237,4102,-325317,-336285,-556900,-557620,-55779,-96095,-925045,-928045,54.6,20.9,20.9,12.9,30,17.1
201921,4178.8,4244,4135,-381854,-391310,-605080,-606280,-50816,-94895,-946900,-949300,50.5,21.3,21.2,11.7,33.4,21.7
201922,4312.2,4421,4208,-342644,-350660,-560795,-562115,-44451,-81985,-995194,-996490,48.2,19.9,20,11.9,29.5,17.6
201923,4193.4,4435,3975,-324755,-332795,-623890,-625330,-42509,-82050,-1019586,-1024050,66.7,21.3,21.2,15.7,29.6,13.9
201924,4289.6,4334,4239,-364395,-368115,-558520,-558520,-87736,-133590,-970866,-972930,56.1,21.9,21.9,15.5,28.8,13.3
201925,4183.8,4329,4034,-310343,-314975,-633060,-633060,-60768,-106300,-1043355,-1046115,61.6,23,23.1,17,31,14
201926,4042.2,4204,3862,-345647,-351335,-539260,-539260,-51217,-88480,-1004723,-1008155,63.7,24.6,24.6,19.5,32.8,13.3
201927,4240.2,4275,4165,-337432,-342280,-585070,-585070,-64915,-106300,-1126784,-1130240,51.6,26.1,26.1,20,36.1,16.1
201928,4153,4238,4045,-318749,-323285,-664100,-664100,-42171,-91705,-1073422,-1078270,66.2,24,24,19.3,31.6,12.3
201929,4134.4,4209,4087,-327832,-332200,-604950,-604950,-51727,-92080,-995927,-1001135,72.3,27.5,26.5,21.4,35,13.6
201930,3900.2,4097,3723,-319580,-326300,-617020,-617020,-49893,-88865,-878235,-881955,82.8,28.2,26.9,23.7,33.4,9.7
201931,3766.8,3898,3656,-333878,-345110,-616660,-616660,-59006,-105480,-1005121,-1014505,76.9,31,28.1,23.5,36,12.5
201932,3985.8,4025,3953,-356069,-359165,-644530,-644530,-68836,-111280,-1079370,-1085850,67.2,32.2,29.4,23.9,36.8,12.9
201933,4098.6,4342,3805,-366225,-371865,-634280,-634280,-51261,-98695,-1019323,-1028035,70.8,28.4,27,21.2,35.7,14.5
201934,4317.4,4408,4241,-314187,-318675,-701850,-701850,-107540,-152825,-1091258,-1095530,62.7,26.8,26.3,20.2,32.8,12.6
201935,4514.3,4621,4331,-454002,-459810,-781410,-781410,-76364,-129905,-1105578,-1111050,66.6,24.2,24.2,18.5,30.2,11.7
201936,4527.8,4681,4294,-399082,-404650,-836800,-836800,-97911,-157780,-1134013,-1139365,78.9,24.3,24.4,21.2,29.5,8.3
201937,4232.3,4403,4081,-365055,-368055,-766960,-766960,-60508,-116910,-1091312,-1096880,71.6,23.4,23.4,18.3,30.5,12.2
201938,5541.6,6201,4824,-434451,-439755,-986570,-996170,-75536,-147345,-1422090,-1428330,50.8,20.3,20.3,13.6,29,15.4
201939,4901.2,5248,4289,-497858,-504770,-982280,-991400,-88851,-146010,-1216150,-1223110,60.5,22.1,22.2,13.9,29.9,16
201940,3631,4031,3308,-456871,-460975,-991550,-1009550,-53949,-100875,-1162375,-1165855,73.6,20.2,20.2,13.2,28.2,15
201941,3161.8,3333,3017,-416280,-421320,-952628,-977540,-114777,-169615,-1216254,-1227390,55.8,16,16,7.7,26.1,18.4
201942,3023.6,3073,2969,-391460,-396020,-1012680,-1026840,-75499,-133575,-1156535,-1163375,60.1,16,16,8.8,24.6,15.8
201943,2877.6,3054,2716,-379535,-384935,-1014850,-1032130,-66421,-124990,-1152743,-1161695,57.7,14.9,14.9,4.7,24.4,19.7
201944,2926.8,3231,2809,-358817,-361625,-964680,-979080,-104097,-151260,-1089396,-1095300,61,13.7,13.6,5,22.1,17.1
201945,3528.6,3669,3420,-447586,-450370,-940950,-952950,-66609,-128595,-1096155,-1102515,54.2,10,10,1.1,18.4,17.3
201946,3819.2,3930,3672,-376057,-379825,-894420,-901620,-92184,-145500,-1274744,-1283720,67.9,6.3,6.2,-2.5,14.5,17
201947,3855.2,3913,3817,-403728,-407280,-960693,-971085,-98752,-164820,-1137521,-1144505,48.8,5.5,5.5,-4.6,17.7,22.3
201948,3882,3979,3808,-417520,-420400,-904490,-909290,-94942,-139800,-1105288,-1111480,54.6,3.4,3.3,-3.4,13.7,17.1
201949,3866.8,3915,3788,-365012,-368420,-991290,-1001130,-91989,-157320,-1183930,-1186810,50.8,-1.2,-1.1,-10.6,8,18.6
201950,3697.2,3820,3498,-389883,-393555,-930817,-938185,-101467,-156830,-1145965,-1150165,58.9,4.5,4.5,-3.7,12.9,16.6
201951,3025.2,3385,2749,-422765,-427925,-1020800,-1028000,-83288,-141755,-1174725,-1178685,63.8,1.9,1.8,-5.1,10.2,15.3
201952,2821.3,2919,2747,-399717,-403965,-980010,-980010,-113108,-158040,-1286915,-1298315,57.7,1.6,1.5,-5.7,6.8,12.5
201953,2830,2830,2830,,,,,,,,,41.7,-7.8,-7.9,-10.9,-4.5,6.4
202001,2964.4,3077,2898,-192110,-193550,-487360,-487360,-43681,-69950,-730940,-733100,62.5,1.3,1.5,-6.5,7.7,14.2
202002,3305.2,3454,3210,-420305,-426185,-968160,-968160,-71823,-117765,-1196372,-1200020,62.4,-0.7,-0.8,-5.7,8.9,14.6
202003,2833.3,3434,2280,-426290,-431090,-942270,-942270,-75345,-131570,-1300396,-1304140,46.9,-0.4,-0.4,-6.4,5.9,12.3
202004,2272.3,2403,2021,-425092,-430660,-894730,-894730,-67523,-120350,-1132572,-1136940,51.9,4.7,4.7,-1.3,11.9,13.2
202005,2719.6,2903,2589,-349099,-354835,-955020,-955020,-80680,-127185,-1348068,-1354740,52.6,2.6,2.5,-6,10.4,16.4
202006,2937.6,3008,2769,-424793,-429665,-953340,-953340,-92717,-136495,-1292510,-1297790,43.7,-1,-0.9,-11.8,14.6,26.4
202007,3107.8,3167,3016,-377719,-381535,-1005630,-1005630,-87026,-140785,-1151223,-1156335,68.6,3.1,2.9,-8.3,15.6,23.9
202008,3433.8,3631,3275,-404018,-409490,-984900,-984900,-96592,-141755,-1291898,-1297370,60.3,4.5,4.6,-4.4,12.2,16.6
202009,4175,4301,3850,-440772,-446340,-987080,-987080,-88407,-137795,-1231969,-1237705,63.2,5.5,5.5,0,13,13
202010,4187.8,4217,4164,-383275,-388195,-953380,-953380,-91565,-133765,-1251591,-1255455,50.2,5.8,5.9,-2.8,17.6,20.4
202011,3973.2,4039,3818,-361837,-365845,-999830,-999830,-84115,-125690,-1371955,-1375915,47.9,4.7,4.8,-2.7,13.3,16
202012,3804.6,3867,3748,-384583,-388495,-921430,-922150,-60376,-103725,-1282489,-1287985,43.9,10.5,10.5,2.7,19.5,16.8
202013,3541.8,3657,3396,-396400,-401200,-967880,-967880,-92242,-135050,-1166891,-1169795,37.9,11,11.1,1.3,20.6,19.3
202014,3767,3963,3638,-325175,-327215,-948210,-948210,-100217,-137095,-1251780,-1253940,42.2,9.5,9.5,1.9,17.4,15.5
202015,4102.4,4220,3988,-399130,-401530,-907740,-907740,-93850,-139775,-1345335,-1347855,47.3,10.6,10.6,4.3,20.4,16.1
202016,4315,4399,4273,-340950,-341190,-857070,-857070,-100237,-136135,-1319750,-1324070,60.5,12.2,12.1,4.8,23.8,19
202017,4627.4,4827,4508,-430655,-433175,-785990,-785990,-114018,-165015,-1329490,-1331890,49.2,10.8,10.9,2.9,19.9,17
202018,4953.8,5396,4702,-367630,-369790,-787680,-787680,-99940,-135000,-1263135,-1264935,65.7,18.6,18.6,9.3,27.4,18.1
202019,5092.4,5181,4964,-358655,-360215,-668830,-668830,-61566,-111870,-1219385,-1220945,61.3,17.1,17.1,10.5,27.6,17.1
202020,5075.8,5161,4923,-397300,-398020,-739980,-740700,-98519,-143715,-1311132,-1313580,69.8,17.1,17.1,10.1,26.8,16.7
202021,5225.2,5336,5028,-346100,-348980,-790200,-790200,-79206,-115665,-1289068,-1289740,70.6,17.2,17.2,9.2,25,15.8
202022,5158.2,5276,5097,-369345,-372105,-795350,-795350,-95722,-139030,-1325520,-1329120,64.5,19.7,19.7,11.8,30,18.2
202023,4837.8,5123,4564,-378605,-380645,-702250,-702250,-66691,-112160,-1304261,-1306205,67.8,23.6,23.7,17.6,32.8,15.2
202024,4619.6,4689,4527,-360560,-362960,-609230,-609230,-88146,-125250,-1429617,-1434345,63.6,25.1,25,18.2,33.5,15.3
202025,4627.6,4755,4516,-395935,-401575,-734990,-734990,-79862,-129800,-1372685,-1373525,58.5,25.7,25.6,19.5,35.4,15.9
202026,4590,4690,4467,-392485,-394525,-670280,-670280,-88456,-129495,-1230430,-1233790,79.4,22.7,22.7,18.4,30.1,11.7
202027,4835.8,4951,4700,-336195,-340155,-759580,-760780,-82220,-139875,-1404503,-1405535,70.2,24,24.1,18.1,30.9,12.8
202028,4986.4,5077,4898,-376212,-381300,-733670,-734390,-68211,-105920,-1311363,-1314315,74.2,24,23.7,17.2,32.9,15.7
202029,5094.4,5165,5013,-354308,-360020,-720060,-721260,-88098,-140960,-1325575,-1328575,74.6,24.7,24.8,18.9,31.6,12.7
202030,4910.2,5095,4731,-336490,-338890,-682487,-683135,-84868,-133235,-1327745,-1330025,81,23.7,23.7,18.5,29.6,11.1
202031,4403.6,4580,4138,-356731,-362275,-697500,-697500,-79765,-128150,-1276770,-1281570,90.8,25.8,25.3,22.6,29.6,7
202032,4362.8,4473,4202,-337824,-342960,-717330,-718530,-67803,-113800,-1243703,-1246415,91.2,25.1,25,22.4,29.5,7.1
202033,4385,4551,4220,-353150,-357470,-676320,-677040,-84164,-133450,-1343382,-1346550,83.8,30.6,27.4,23.5,32.2,8.7
202034,4105,4350,3781,-346206,-349950,-622240,-622240,-89645,-135330,-1180927,-1185415,77.9,28.7,27,21.5,34.5,13
202035,4281.6,4385,4187,-323150,-327230,-558600,-558600,-91698,-138975,-1162349,-1167845,81.4,30.3,27.3,23.8,34.5,10.7
202036,4733.4,5008,4500,-356972,-361340,-624550,-624550,-105927,-154680,-1160715,-1166115,78.4,22.6,22.6,17.5,27.5,10
202037,4991.3,5112,4777,-346610,-349250,-623380,-623380,-104969,-149290,-1181986,-1184770,77.4,21.7,21.8,16.7,27.7,11
202038,4851.5,4988,4620,-385250,-386690,-656630,-661430,-82413,-127970,-1095695,-1098455,63.4,20.8,20.8,13.6,26.2,12.6
202039,4201.3,4760,3387,-411793,-415705,-672790,-680710,-96022,-157875,-1215852,-1217580,62.9,20,20,14.8,26.5,11.7
202040,4281,4322,4240,-254942,-258590,-553350,-553350,-67416,-94205,-1043048,-1044200,69.6,17.4,17.4,8.5,25.7,17.2
202041,4109,4404,3820,-385987,-389995,-643703,-648335,-100672,-148985,-1192617,-1193745,57.9,16.3,16.3,8.6,23.3,14.7
202042,4146.4,4330,4007,-355217,-359225,-628205,-630965,-53584,-94430,-1197637,-1199005,60.5,13.4,13.3,6.5,21.7,15.2
202043,3913.8,4025,3783,-322830,-327150,-635935,-641095,-112294,-156645,-1142862,-1144590,63.3,11.9,11.9,3.2,19.4,16.2
202044,3684.4,3846,3453,-358225,-362905,-608551,-610975,-93476,-139685,-1063312,-1063840,55.6,11.5,11.4,2.7,19.6,16.9
202045,4055,4139,3871,-364960,-365680,-604250,-604250,-73666,-126215,-1179327,-1181175,54.2,9.2,9.2,0.2,18.1,17.9
202046,4241.4,4319,4122,-295947,-302115,-597880,-598600,-89519,-135010,-1185890,-1187090,65.6,11.9,12,3.5,20,16.5
202047,4350.4,4486,4241,-369160,-371080,-604280,-604280,-70343,-116645,-1199277,-1204485,74.6,7.2,7.1,-1.5,19.1,20.6
202048,4455.2,4565,4356,-352060,-357100,-603100,-603100,-92378,-134805,-1360787,-1363115,58.1,2.1,2.1,-3.6,10.9,14.5
202049,4670.2,4804,4543,-366485,-370685,-558640,-559360,-67530,-115675,-1306706,-1307810,54.1,1.8,1.7,-4.6,9.1,13.7
202050,4652.4,4705,4596,-331100,-336620,-571700,-572420,-82955,-122010,-1333713,-1338585,59.9,-0.2,-0.3,-11.1,9.4,20.5
202051,4176,4499,3837,-364235,-366275,-505200,-505920,-79921,-118055,-1319250,-1321890,53.4,-3.4,-3.3,-11.2,7.2,18.4
202052,3637.8,3744,3470,-327765,-332205,-567015,-568095,-74654,-108625,-1336622,-1338590,65.8,3.1,3,-6.2,11.4,17.6
202053,3760.5,3945,3576,-283962,-287370,-487920,-488640,-62476,-89690,-985842,-986850,53.7,-9.8,-9.9,-12.9,-5,7.9
202101,3735.3,3775,3654,-348995,-353675,-652860,-653820,-57151,-96725,-1409711,-1414295,51,-6.4,-6.5,-16.5,1.6,18.1
202102,3669.4,3765,3544,-365918,-370430,-583520,-583520,-80754,-116205,-1431212,-1432220,59.2,-6.2,-6,-18.6,8.3,26.9
202103,3664.8,3703,3597,-352955,-358595,-571380,-571380,-83806,-122890,-1334680,-1335880,54.7,-1.7,-1.7,-11.6,9.9,21.5
202104,3552.8,3669,3379,-393940,-398980,-621940,-621940,-89933,-124685,-1359177,-1363905,67,4.9,4.7,-9.7,13.9,23.6
202105,3647.8,3719,3568,-382898,-386690,-793200,-793200,-73745,-107260,-1540520,-1542200,55.7,-2.1,-2.1,-11.6,9.5,21.1
202106,3462,3583,3303,-438687,-441255,-1216310,-1216310,-59861,-94995,-1561691,-1563635,65.7,2.3,2.4,-6.1,10.9,17
202107,3247,3299,3223,-338075,-341555,-1092630,-1092630,-75557,-104110,-1665872,-1667120,53.4,0.9,0.8,-10.6,15.9,26.5
202108,3675.6,3810,3411,-428612,-434420,-606165,-606285,-94172,-136390,-1182740,-1185140,50.7,5,5.2,-7.1,17.4,24.5
202109,3810.8,3874,3741,-300655,-305095,-565080,-565080,-99053,-138780,-1174667,-1177955,60.6,6.2,6.3,-1.2,16.2,17.4
202110,3960.8,4075,3797,-333570,-337410,-650620,-650620,-89101,-126265,-1217787,-1219635,62.2,7.7,7.8,1.5,17.1,15.6
202111,4020.8,4116,3898,-376155,-379155,-550170,-550170,-82166,-123660,-1143847,-1145695,58,9.7,9.8,1.8,18.4,16.6
202112,4163,4353,3929,-353916,-357420,-500510,-500510,-78913,-115460,-1110584,-1114760,62.2,9.8,9.9,1.1,20.2,19.1
202113,4479.4,4599,4321,-333980,-338780,-489170,-489170,-79223,-120645,-1262119,-1264255,59.1,12.3,12.4,4.1,24,19.9
202114,4456,4508,4323,-350950,-354790,-515660,-515660,-99523,-146850,-1094167,-1096255,52.2,13.9,13.9,5.4,23,17.6
202115,4553.4,4638,4377,-356555,-360755,-510410,-510410,-53041,-89560,-1161702,-1163190,56.7,12.1,12.2,3.1,21.8,18.7
202116,4717.8,4774,4642,-367000,-371320,-474410,-474890,-84961,-121745,-1044777,-1048065,55.1,13.8,14,5.6,28.2,22.6
202117,4770.6,4901,4657,-359405,-363365,-426930,-426930,-86048,-123355,-1042342,-1045750,52.1,16.7,16.6,10.9,24,13.1
202118,4928.2,5008,4744,-390090,-392730,-508400,-508400,-83302,-120265,-1245837,-1247925,69.3,13,13.1,7.3,23.1,15.8
202119,5063.8,5191,4842,-344110,-347950,-480600,-480600,-51883,-86990,-1060577,-1061465,55.4,17.2,17.3,8.9,29.6,20.7
202120,4981,5089,4747,-341608,-345400,-475070,-475070,-97092,-129175,-1025324,-1027100,73,19.5,19.5,12.4,30.8,18.4
202121,4949.6,4978,4929,-337320,-341400,-462730,-462730,-103451,-141090,-1059193,-1060225,70.5,17.6,17.5,11.5,25.1,13.6
202122,5101,5227,4834,-324320,-329600,-487640,-487640,-74902,-107795,-1019182,-1022110,77,18.8,18.8,10.8,29.7,18.9
202123,5140.2,5168,5111,-350680,-356440,-429070,-429070,-79318,-114245,-1081242,-1082970,67.9,22.4,22.5,13.3,31.6,18.3
202124,5139.4,5241,5051,-353240,-354680,-461210,-461210,-79391,-113770,-983782,-985270,73.2,23.4,23.4,18.2,30.2,12
202125,5241.6,5309,5089,-346673,-351785,-485120,-485120,-96183,-127895,-1028948,-1030100,73.7,22.4,22.4,17.5,29,11.5
202126,5288.4,5356,5223,-349150,-353710,-530590,-530590,-106362,-150025,-1115783,-1117055,75.3,24.1,24.2,19.5,31,11.5
202127,5335.4,5385,5232,-387615,-391575,-434030,-434030,-93794,-139475,-1111191,-1116495,79.4,24.8,24.6,19.6,31.8,12.2
202128,5267.6,5359,5219,-371105,-378185,-460870,-460870,-104438,-149560,-996990,-999390,76.8,30,27.5,23.1,34.5,11.4
202129,5084.6,5143,5028,-345060,-347460,-451910,-451910,-90930,-140360,-1113652,-1118980,67.8,32.2,29.1,23.6,35.9,12.3
202130,4937.8,5034,4799,-338839,-344335,-473970,-473970,-104704,-148450,-1036245,-1040445,61.2,35,31,26.9,36.5,9.6
202131,4899,5116,4396,-355935,-360615,-415830,-418230,-116369,-155420,-1200703,-1204975,73.6,31.8,28.6,24.1,35.4,11.3
202132,5274.6,5499,5124,-373285,-378685,-548390,-550790,-92117,-145880,-1152550,-1156390,67.8,29.6,27.6,23.3,33.6,10.3
202133,5393,5482,5297,-386830,-393310,-546380,-548780,-88485,-135065,-1129412,-1131140,64.1,26.5,26.2,20.6,32.8,12.2
202134,5531.6,5613,5384,-341820,-343980,-547431,-552255,-98628,-140260,-1179707,-1181555,83.7,24.6,24.4,21,30.7,9.7
202135,5535.4,5633,5397,-394130,-401810,-574870,-577270,-111352,-158665,-1313498,-1318010,81.7,22.8,22.8,18.1,28.2,10.1
202136,5830.6,5869,5730,-400555,-405235,-572907,-576195,-105652,-152240,-1271372,-1273340,72,22.6,22.6,17.6,29.2,11.6
202137,5264,5754,4865,-581770,-589090,-829430,-836150,-146062,-207755,-1850630,-1856390,66.2,23.9,24,18,30.3,12.3
202138,5178.5,5204,5153,-174970,-179050,-362380,-362380,-58289,-100620,-807560,-809000,69.2,22.5,22.6,16.8,29.8,13
202139,5136.2,5291,4961,-443809,-450745,-666620,-671420,-119311,-170295,-1292716,-1296700,74.6,21.3,21.3,16,27.3,11.3
202140,4673.4,4823,4515,-362016,-367680,-526800,-530400,-120545,-160590,-1259322,-1262970,80.4,21.3,21.3,16.4,28.8,12.4
202141,4314,4387,4215,-362877,-370965,-626140,-628540,-88034,-139680,-1440483,-1446555,78.6,18.8,18.9,12.6,25.2,12.6
202142,4428.2,4545,4359,-359795,-364715,-606590,-606590,-110060,-158320,-1280732,-1284140,60.2,10.8,10.7,1.3,21.4,20.1
202143,4854,5040,4645,-419800,-427720,-545210,-545210,-86160,-134060,-1348453,-1354765,62.7,12,12.1,5.2,20,14.8
202144,5027.4,5118,4938,-385225,-391345,-605355,-607875,-102506,-152555,-1371652,-1376500,70.4,13,13,7.6,20.6,13
202145,5101.6,5152,5037,-444992,-451520,-562772,-563060,-98991,-150450,-1425982,-1427950,69.4,9.4,9.3,0.7,21.3,20.6
202146,5174.2,5293,5063,-374466,-380850,-591270,-591270,-110283,-150970,-1364517,-1366845,66.1,8.6,8.7,0.5,16.4,15.9
202147,5440.4,5591,5309,-397145,-403025,-516570,-516570,-93977,-139635,-1359792,-1363680,68.8,6.6,6.5,-3.7,16.7,20.4
202148,5803.8,5914,5607,-361920,-364320,-601130,-603530,-126842,-165990,-1336965,-1340685,60.2,3.5,3.5,-4.6,13.7,18.3
202149,5943.8,6005,5767,-426385,-434905,-516080,-516080,-84923,-131820,-1332987,-1335315,60.2,4.5,4.5,-2.7,13.3,16
202150,5538.8,5756,5229,-355174,-361750,-659850,-660810,-103915,-151280,-1420668,-1423980,70.3,4.2,4.2,-5.9,10,15.9
202151,4681.2,4842,4415,-431320,-438040,-560780,-560780,-79896,-128265,-1366481,-1367945,61,0.5,0.5,-11.2,11.1,22.3
202152,4283,4394,4146,-385668,-389700,-647900,-647900,-95749,-147305,-1228412,-1232060,58.2,-5.5,-5.6,-15.5,5.9,21.4
202153,4405,4405,4405,-75120,-76080,-99780,-99780,-28323,-33990,-334200,-334200,35.5,-6.5,-6.7,-8.8,-3.9,4.9
202201,4506.6,4747,4390,-341359,-346615,-606370,-606370,-124359,-164380,-1429443,-1431915,50.7,-2.4,-2.4,-10.2,4.5,14.7
202202,4520.4,4578,4472,-409530,-416250,-571830,-571830,-91711,-136020,-1366492,-1369660,56.4,-3.4,-3.5,-11.3,5.6,16.9
202203,4376,4523,3983,-413910,-418710,-625530,-625530,-96598,-142570,-1372872,-1377480,57.1,-3.9,-3.9,-9.9,4.6,14.5
202204,4123.3,4459,3810,-532190,-537950,-918960,-918960,-128208,-196790,-1820784,-1823760,57.8,1.1,1,-5.9,8.4,14.3
202205,3976,3982,3970,-220630,-222310,-508130,-508130,-78294,-111375,-999170,-1000610,56.5,-2.9,-2.9,-8.2,4.8,13
202206,4075.8,4090,4061,-417670,-423430,-726290,-726290,-80800,-128695,-1303772,-1306940,53.5,-1.2,-1.1,-9.7,8.8,18.5
202207,4005.4,4146,3902,-430040,-435560,-616130,-616130,-90808,-145665,-1268652,-1273740,50.7,-1,-1,-10.7,10.4,21.1
202208,4340.2,4472,4236,-450700,-455260,-776480,-777440,-68849,-121590,-1324732,-1328860,50.9,-2.8,-2.7,-10,8.4,18.4
202209,4364.8,4516,4179,-395305,-399025,-644070,-644070,-86995,-142070,-1275960,-1278840,62.8,5.4,5.4,-2.3,14.6,16.9
202210,4317.3,4458,4230,-400261,-405325,-671320,-671320,-86801,-136505,-1257482,-1262810,51,5.7,5.7,-3,18.4,21.4
202211,4160,4302,4030,-415893,-422445,-652900,-652900,-84995,-137245,-1279307,-1282355,73.9,9.8,9.8,2.3,19.5,17.2
202212,4191,4306,4134,-385857,-391065,-587740,-587740,-101309,-155785,-1256391,-1260255,63.7,6.6,6.8,-0.3,17.2,17.5
202213,4404.6,4522,4316,-411002,-417050,-561270,-561270,-95032,-143455,-1157032,-1159720,59.4,9.8,9.8,1.5,15.7,14.2
202214,4619.2,4680,4559,-397837,-402565,-551940,-551940,-93583,-138075,-1312507,-1317475,49.7,10.5,10.6,3.5,20,16.5
202215,4849,4965,4774,-415390,-421630,-492240,-492240,-102405,-143970,-1257122,-1260770,56.8,16.4,16.4,7.5,26.6,19.1
202216,5462.4,5794,5159,-368058,-371130,-494680,-494680,-108370,-153925,-1233847,-1239775,53.3,14.9,14.9,7.1,22.7,15.6
202217,6244.8,6323,6121,-426710,-431990,-591170,-591170,-80307,-138335,-1416675,-1428075,59.8,18.2,18.2,10.4,28.7,18.3
202218,6665.5,6786,6599,-340580,-345620,-487410,-487410,-83100,-115410,-1233722,-1234730,54.9,15.9,16,7.9,25.8,17.9
202219,6398.8,6574,6199,-391250,-395330,-530390,-530390,-94092,-145150,-1301152,-1309600,50,18.8,18.8,11,28.1,17.1
202220,6385.2,6508,6258,-351180,-355740,-503190,-503190,-104080,-158850,-1361707,-1366195,52.3,18.5,18.5,10.5,27.4,16.9
202221,6133.8,6293,6057,-352905,-354705,-549640,-549640,-128221,-171405,-1206920,-1209560,64.6,20.8,20.9,14.1,30.7,16.6
202222,6179.3,6284,6063,-380190,-384990,-614780,-614780,-103979,-152605,-1364648,-1372280,58.4,22.1,22.1,14.2,32.6,18.4
202223,6028.8,6157,5868,-411900,-416220,-614560,-615280,-115848,-164070,-1455442,-1459090,64.7,21.7,21.7,15.1,29.7,14.6
202224,6003.6,6181,5706,-339920,-345200,-520640,-520640,-103272,-141395,-1196352,-1199760,69.8,22.1,22.1,14.9,32.7,17.8
202225,5659,5936,5403,-369920,-375920,-529930,-529930,-113851,-153695,-1160149,-1165405,79.9,24.5,24.5,20.6,32.6,12
202226,5407,5520,5245,-353660,-355820,-612240,-612240,-113302,-147420,-1050994,-1054690,86.7,26.5,25.7,21.2,30.9,9.7
202227,5485,5633,5390,-318633,-326145,-505710,-505710,-107907,-153110,-1008033,-1015305,75.8,32.5,28.6,24,34.2,10.2
202228,5653.4,5733,5593,-374142,-379950,-490340,-490340,-114676,-151160,-1093000,-1099000,79.2,28.1,26.7,23,35.1,12.1
202229,5733,5840,5654,-379206,-385590,-606760,-606760,-120711,-159650,-1047022,-1050670,79.5,26.7,25.7,20.8,31.1,10.3
202230,5589.2,5770,5470,-323812,-328420,-622460,-622460,-131704,-168410,-1000297,-1006945,74,30.6,28,22,34.4,12.4
202231,5603.8,5721,5501,-383216,-388400,-645890,-645890,-107767,-146660,-982352,-986240,81.6,33.3,28.4,25.2,36.1,10.9
202232,5864.2,6036,5591,-386932,-394180,-700950,-700950,-143792,-194715,-1015914,-1021290,86.2,29.3,26.6,21.4,32.4,11
202233,5844.2,6021,5692,-333650,-340850,-660500,-661220,-103162,-149470,-1017824,-1022720,80.2,28.1,26.5,22.4,31.5,9.1
202234,6056.2,6152,6005,-361510,-366550,-667000,-669400,-102589,-147620,-1047577,-1053025,75.5,27.1,25.6,19.9,32,12.1
202235,6282.8,6362,6118,-424922,-431930,-785510,-785510,-139841,-197745,-1156292,-1160420,73.2,22.1,22.1,16.1,30.4,14.3
202236,5284.8,6169,3612,-379565,-384005,-683800,-683800,-104038,-145250,-1221787,-1225555,73.9,22.4,22.4,16.7,30.8,14.1
202237,5478.5,5610,5336,-334584,-341160,-797960,-797960,-134343,-178950,-1347095,-1352975,67,24.3,24.4,19,29.9,10.9
202238,5442.6,5609,5259,-391108,-395620,-738820,-738820,-132344,-180580,-1289967,-1293735,66.5,22.4,22,13,32.5,19.5
202239,5330.4,5581,4668,-400750,-407710,-915920,-917360,-102121,-162895,-1278240,-1286160,65.7,20,20.1,12.3,28,15.7
202240,5534.5,6092,5263,-396119,-401135,-839300,-840260,-83930,-139355,-1461360,-1467600,77.7,18.1,18,11,27.6,16.6
202241,5338.2,5476,5093,-362432,-368240,-923610,-924090,-109803,-153045,-1297297,-1302985,72,13.7,13.8,6.5,23,16.5
202242,5316.8,5451,5236,-432721,-438505,-927600,-927600,-80543,-124460,-1355597,-1363685,62.2,13.3,13.3,4.4,24.4,20
202243,5117.8,5163,5014,-415537,-416425,-855930,-856890,-91742,-138240,-1361337,-1366065,64.2,13,13,5.9,20.8,14.9
202244,5157,5157,5157,-25487,-28775,-167390,-167390,-17543,-25165,-189502,-189550,65.3,14.8,14.9,10.2,21.3,11.1
